<?xml version="1.0" encoding="UTF-8"?>
<project-private xmlns="http://www.netbeans.org/ns/project-private/1">
    <editor-bookmarks xmlns="http://www.netbeans.org/ns/editor-bookmarks/2" lastBookmarkId="0"/>
    <open-files xmlns="http://www.netbeans.org/ns/projectui-open-files/2">
        <group>
            <file>file:/C:/Users/mdkayantao/Documents/NetBeansProjects/MonServletJsp/src/java/com/servlet/test/MonServlet.java</file>
            <file>file:/C:/Users/mdkayantao/Documents/NetBeansProjects/MonServletJsp/web/WEB-INF/web.xml</file>
            <file>file:/C:/Users/mdkayantao/Documents/NetBeansProjects/MonServletJsp/web/inscrire.jsp</file>
            <file>file:/C:/Users/mdkayantao/Documents/NetBeansProjects/MonServletJsp/web/accueil.jsp</file>
        </group>
    </open-files>
</project-private>
